{
  "images" : [
    {
      "idiom" : "iphone",
      "filename" : "tb_seg_edit@1x.png",
      "scale" : "1x"
    },
    {
      "idiom" : "iphone",
      "filename" : "tb_seg_edit@2x.png",
      "scale" : "2x"
    },
    {
      "idiom" : "iphone",
      "filename" : "tb_seg_edit@3x.png",
      "scale" : "3x"
    },
    {
      "idiom" : "ipad",
      "filename" : "tb_seg_edit_ipad@1x.png",
      "scale" : "1x"
    },
    {
      "idiom" : "ipad",
      "filename" : "tb_seg_edit_ipad@2x.png",
      "scale" : "2x"
    }
  ],
  "info" : {
    "version" : 1,
    "author" : "nraptis"
  }
}
