{
  "images" : [
    {
      "idiom" : "universal",
      "filename" : "tb_seg_view_selected@1x.png",
      "scale" : "1x"
    },
    {
      "idiom" : "universal",
      "filename" : "tb_seg_view_selected@2x.png",
      "scale" : "2x"
    },
    {
      "idiom" : "universal",
      "filename" : "tb_seg_view_selected@3x.png",
      "scale" : "3x"
    },
    {
      "idiom" : "ipad",
      "filename" : "tb_seg_view_selected_ipad@1x.png",
      "scale" : "1x"
    },
    {
      "idiom" : "ipad",
      "filename" : "tb_seg_view_selected_ipad@2x.png",
      "scale" : "2x"
    }
  ],
  "info" : {
    "version" : 1,
    "author" : "xcode"
  }
}