{
  "images" : [
    {
      "idiom" : "universal",
      "filename" : "tb_btn_selection_mode@1x.png",
      "scale" : "1x"
    },
    {
      "idiom" : "universal",
      "filename" : "tb_btn_selection_mode@2x.png",
      "scale" : "2x"
    },
    {
      "idiom" : "universal",
      "filename" : "tb_btn_selection_mode@3x.png",
      "scale" : "3x"
    },
    {
      "idiom" : "ipad",
      "filename" : "tb_btn_selection_mode_ipad@1x.png",
      "scale" : "1x"
    },
    {
      "idiom" : "ipad",
      "filename" : "tb_btn_selection_mode_ipad@2x.png",
      "scale" : "2x"
    }
  ],
  "info" : {
    "version" : 1,
    "author" : "xcode"
  }
}