{
  "images" : [
    {
      "idiom" : "iphone",
      "filename" : "tb_btn_menu@1x.png",
      "scale" : "1x"
    },
    {
      "idiom" : "iphone",
      "filename" : "tb_btn_menu@2x.png",
      "scale" : "2x"
    },
    {
      "idiom" : "iphone",
      "filename" : "tb_btn_menu@3x.png",
      "scale" : "3x"
    },
    {
      "idiom" : "ipad",
      "filename" : "tb_btn_menu_ipad@1x.png",
      "scale" : "1x"
    },
    {
      "idiom" : "ipad",
      "filename" : "tb_btn_menu_ipad@2x.png",
      "scale" : "2x"
    }
  ],
  "info" : {
    "version" : 1,
    "author" : "nraptis"
  }
}