{
  "images" : [
    {
      "idiom" : "universal",
      "filename" : "import_btn_next_down@1x.png",
      "scale" : "1x"
    },
    {
      "idiom" : "universal",
      "filename" : "import_btn_next_down@2x.png",
      "scale" : "2x"
    },
    {
      "idiom" : "universal",
      "filename" : "import_btn_next_down@3x.png",
      "scale" : "3x"
    },
    {
      "idiom" : "ipad",
      "filename" : "import_btn_next_down_ipad@1x.png",
      "scale" : "1x"
    },
    {
      "idiom" : "ipad",
      "filename" : "import_btn_next_down_ipad@2x.png",
      "scale" : "2x"
    }
  ],
  "info" : {
    "version" : 1,
    "author" : "xcode"
  }
}