{
  "images" : [
    {
      "idiom" : "iphone",
      "filename" : "control_point@1x.png",
      "scale" : "1x"
    },
    {
      "idiom" : "iphone",
      "filename" : "control_point@2x.png",
      "scale" : "2x"
    },
    {
      "idiom" : "iphone",
      "filename" : "control_point@3x.png",
      "scale" : "3x"
    },
    {
      "idiom" : "ipad",
      "filename" : "control_point_ipad@1x.png",
      "scale" : "1x"
    },
    {
      "idiom" : "ipad",
      "filename" : "control_point_ipad@2x.png",
      "scale" : "2x"
    }
  ],
  "info" : {
    "version" : 1,
    "author" : "nraptis"
  }
}