{
  "images" : [
    {
      "idiom" : "universal",
      "filename" : "slider_thumb@1x.png",
      "scale" : "1x"
    },
    {
      "idiom" : "universal",
      "filename" : "slider_thumb@2x.png",
      "scale" : "2x"
    },
    {
      "idiom" : "universal",
      "filename" : "slider_thumb@3x.png",
      "scale" : "3x"
    },
    {
      "idiom" : "ipad",
      "filename" : "slider_thumb_ipad@1x.png",
      "scale" : "1x"
    },
    {
      "idiom" : "ipad",
      "filename" : "slider_thumb_ipad@2x.png",
      "scale" : "2x"
    }
  ],
  "info" : {
    "version" : 1,
    "author" : "xcode"
  }
}