{
  "images" : [
    {
      "idiom" : "iphone",
      "filename" : "tb_btn_menu_down@1x.png",
      "scale" : "1x"
    },
    {
      "idiom" : "iphone",
      "filename" : "tb_btn_menu_down@2x.png",
      "scale" : "2x"
    },
    {
      "idiom" : "iphone",
      "filename" : "tb_btn_menu_down@3x.png",
      "scale" : "3x"
    },
    {
      "idiom" : "ipad",
      "filename" : "tb_btn_menu_down_ipad@1x.png",
      "scale" : "1x"
    },
    {
      "idiom" : "ipad",
      "filename" : "tb_btn_menu_down_ipad@2x.png",
      "scale" : "2x"
    }
  ],
  "info" : {
    "version" : 1,
    "author" : "nraptis"
  }
}